r(m),T(K)
0.00000e+00,1.01130e+04
5.00000e-06,1.01130e+04
1.00000e-05,1.01129e+04
1.50000e-05,1.01129e+04
2.00000e-05,1.01128e+04
2.50000e-05,1.01127e+04
3.00000e-05,1.01127e+04
3.50000e-05,1.01126e+04
4.00000e-05,1.01126e+04
4.50000e-05,1.01125e+04
5.00000e-05,1.01125e+04
5.50000e-05,1.01124e+04
6.00000e-05,1.01123e+04
6.50000e-05,1.01123e+04
7.00000e-05,1.01122e+04
7.50000e-05,1.01122e+04
8.00000e-05,1.01121e+04
8.50000e-05,1.01120e+04
9.00000e-05,1.01120e+04
9.50000e-05,1.01119e+04
1.00000e-04,1.01118e+04
1.05000e-04,1.01118e+04
1.10000e-04,1.01117e+04
1.15000e-04,1.01116e+04
1.20000e-04,1.01116e+04
1.25000e-04,1.01115e+04
1.30000e-04,1.01114e+04
1.35000e-04,1.01114e+04
1.40000e-04,1.01113e+04
1.45000e-04,1.01112e+04
1.50000e-04,1.01111e+04
1.55000e-04,1.01111e+04
1.60000e-04,1.01110e+04
1.65000e-04,1.01109e+04
1.70000e-04,1.01108e+04
1.75000e-04,1.01108e+04
1.80000e-04,1.01107e+04
1.85000e-04,1.01106e+04
1.90000e-04,1.01105e+04
1.95000e-04,1.01104e+04
2.00000e-04,1.01104e+04
2.05000e-04,1.01103e+04
2.10000e-04,1.01102e+04
2.15000e-04,1.01101e+04
2.20000e-04,1.01100e+04
2.25000e-04,1.01100e+04
2.30000e-04,1.01099e+04
2.35000e-04,1.01098e+04
2.40000e-04,1.01097e+04
2.45000e-04,1.01096e+04
2.50000e-04,1.01095e+04
2.55000e-04,1.01094e+04
2.60000e-04,1.01093e+04
2.65000e-04,1.01092e+04
2.70000e-04,1.01092e+04
2.75000e-04,1.01091e+04
2.80000e-04,1.01090e+04
2.85000e-04,1.01089e+04
2.90000e-04,1.01088e+04
2.95000e-04,1.01087e+04
3.00000e-04,1.01086e+04
3.05000e-04,1.01085e+04
3.10000e-04,1.01084e+04
3.15000e-04,1.01083e+04
3.20000e-04,1.01082e+04
3.25000e-04,1.01081e+04
3.30000e-04,1.01080e+04
3.35000e-04,1.01079e+04
3.40000e-04,1.01078e+04
3.45000e-04,1.01077e+04
3.50000e-04,1.01076e+04
3.55000e-04,1.01075e+04
3.60000e-04,1.01074e+04
3.65000e-04,1.01073e+04
3.70000e-04,1.01072e+04
3.75000e-04,1.01071e+04
3.80000e-04,1.01070e+04
3.85000e-04,1.01069e+04
3.90000e-04,1.01068e+04
3.95000e-04,1.01066e+04
4.00000e-04,1.01065e+04
4.05000e-04,1.01064e+04
4.10000e-04,1.01063e+04
4.15000e-04,1.01062e+04
4.20000e-04,1.01061e+04
4.25000e-04,1.01060e+04
4.30000e-04,1.01058e+04
4.35000e-04,1.01057e+04
4.40000e-04,1.01056e+04
4.45000e-04,1.01055e+04
4.50000e-04,1.01054e+04
4.55000e-04,1.01053e+04
4.60000e-04,1.01051e+04
4.65000e-04,1.01050e+04
4.70000e-04,1.01049e+04
4.75000e-04,1.01048e+04
4.80000e-04,1.01046e+04
4.85000e-04,1.01045e+04
4.90000e-04,1.01044e+04
4.95000e-04,1.01043e+04
5.00000e-04,1.01041e+04
5.05000e-04,1.01040e+04
5.10000e-04,1.01039e+04
5.15000e-04,1.01038e+04
5.20000e-04,1.01036e+04
5.25000e-04,1.01035e+04
5.30000e-04,1.01034e+04
5.35000e-04,1.01032e+04
5.40000e-04,1.01031e+04
5.45000e-04,1.01030e+04
5.50000e-04,1.01028e+04
5.55000e-04,1.01027e+04
5.60000e-04,1.01026e+04
5.65000e-04,1.01024e+04
5.70000e-04,1.01023e+04
5.75000e-04,1.01021e+04
5.80000e-04,1.01020e+04
5.85000e-04,1.01019e+04
5.90000e-04,1.01017e+04
5.95000e-04,1.01016e+04
6.00000e-04,1.01014e+04
6.05000e-04,1.01013e+04
6.10000e-04,1.01011e+04
6.15000e-04,1.01010e+04
6.20000e-04,1.01009e+04
6.25000e-04,1.01007e+04
6.30000e-04,1.01006e+04
6.35000e-04,1.01004e+04
6.40000e-04,1.01003e+04
6.45000e-04,1.01001e+04
6.50000e-04,1.01000e+04
6.55000e-04,1.00998e+04
6.60000e-04,1.00996e+04
6.65000e-04,1.00995e+04
6.70000e-04,1.00993e+04
6.75000e-04,1.00992e+04
6.80000e-04,1.00990e+04
6.85000e-04,1.00989e+04
6.90000e-04,1.00987e+04
6.95000e-04,1.00985e+04
7.00000e-04,1.00984e+04
7.05000e-04,1.00982e+04
7.10000e-04,1.00980e+04
7.15000e-04,1.00979e+04
7.20000e-04,1.00977e+04
7.25000e-04,1.00976e+04
7.30000e-04,1.00974e+04
7.35000e-04,1.00972e+04
7.40000e-04,1.00970e+04
7.45000e-04,1.00969e+04
7.50000e-04,1.00967e+04
7.55000e-04,1.00965e+04
7.60000e-04,1.00964e+04
7.65000e-04,1.00962e+04
7.70000e-04,1.00960e+04
7.75000e-04,1.00958e+04
7.80000e-04,1.00957e+04
7.85000e-04,1.00955e+04
7.90000e-04,1.00953e+04
7.95000e-04,1.00951e+04
8.00000e-04,1.00950e+04
8.05000e-04,1.00948e+04
8.10000e-04,1.00946e+04
8.15000e-04,1.00944e+04
8.20000e-04,1.00942e+04
8.25000e-04,1.00940e+04
8.30000e-04,1.00939e+04
8.35000e-04,1.00937e+04
8.40000e-04,1.00935e+04
8.45000e-04,1.00933e+04
8.50000e-04,1.00931e+04
8.55000e-04,1.00929e+04
8.60000e-04,1.00927e+04
8.65000e-04,1.00925e+04
8.70000e-04,1.00923e+04
8.75000e-04,1.00922e+04
8.80000e-04,1.00920e+04
8.85000e-04,1.00918e+04
8.90000e-04,1.00916e+04
8.95000e-04,1.00914e+04
9.00000e-04,1.00912e+04
9.05000e-04,1.00910e+04
9.10000e-04,1.00908e+04
9.15000e-04,1.00906e+04
9.20000e-04,1.00904e+04
9.25000e-04,1.00902e+04
9.30000e-04,1.00900e+04
9.35000e-04,1.00898e+04
9.40000e-04,1.00896e+04
9.45000e-04,1.00893e+04
9.50000e-04,1.00891e+04
9.55000e-04,1.00889e+04
9.60000e-04,1.00887e+04
9.65000e-04,1.00885e+04
9.70000e-04,1.00883e+04
9.75000e-04,1.00881e+04
9.80000e-04,1.00879e+04
9.85000e-04,1.00877e+04
9.90000e-04,1.00874e+04
9.95000e-04,1.00872e+04
1.00000e-03,1.00870e+04
1.00500e-03,1.00868e+04
1.01000e-03,1.00866e+04
1.01500e-03,1.00863e+04
1.02000e-03,1.00861e+04
1.02500e-03,1.00859e+04
1.03000e-03,1.00857e+04
1.03500e-03,1.00854e+04
1.04000e-03,1.00852e+04
1.04500e-03,1.00850e+04
1.05000e-03,1.00848e+04
1.05500e-03,1.00845e+04
1.06000e-03,1.00843e+04
1.06500e-03,1.00841e+04
1.07000e-03,1.00838e+04
1.07500e-03,1.00836e+04
1.08000e-03,1.00834e+04
1.08500e-03,1.00831e+04
1.09000e-03,1.00829e+04
1.09500e-03,1.00826e+04
1.10000e-03,1.00824e+04
1.10500e-03,1.00822e+04
1.11000e-03,1.00819e+04
1.11500e-03,1.00817e+04
1.12000e-03,1.00814e+04
1.12500e-03,1.00812e+04
1.13000e-03,1.00809e+04
1.13500e-03,1.00807e+04
1.14000e-03,1.00804e+04
1.14500e-03,1.00802e+04
1.15000e-03,1.00799e+04
1.15500e-03,1.00797e+04
1.16000e-03,1.00794e+04
1.16500e-03,1.00792e+04
1.17000e-03,1.00789e+04
1.17500e-03,1.00787e+04
1.18000e-03,1.00784e+04
1.18500e-03,1.00782e+04
1.19000e-03,1.00779e+04
1.19500e-03,1.00776e+04
1.20000e-03,1.00774e+04
1.20500e-03,1.00771e+04
1.21000e-03,1.00768e+04
1.21500e-03,1.00766e+04
1.22000e-03,1.00763e+04
1.22500e-03,1.00760e+04
1.23000e-03,1.00758e+04
1.23500e-03,1.00755e+04
1.24000e-03,1.00752e+04
1.24500e-03,1.00750e+04
1.25000e-03,1.00747e+04
1.25500e-03,1.00744e+04
1.26000e-03,1.00741e+04
1.26500e-03,1.00739e+04
1.27000e-03,1.00736e+04
1.27500e-03,1.00733e+04
1.28000e-03,1.00730e+04
1.28500e-03,1.00727e+04
1.29000e-03,1.00725e+04
1.29500e-03,1.00722e+04
1.30000e-03,1.00719e+04
1.30500e-03,1.00716e+04
1.31000e-03,1.00713e+04
1.31500e-03,1.00710e+04
1.32000e-03,1.00707e+04
1.32500e-03,1.00704e+04
1.33000e-03,1.00701e+04
1.33500e-03,1.00698e+04
1.34000e-03,1.00695e+04
1.34500e-03,1.00693e+04
1.35000e-03,1.00690e+04
1.35500e-03,1.00687e+04
1.36000e-03,1.00683e+04
1.36500e-03,1.00680e+04
1.37000e-03,1.00677e+04
1.37500e-03,1.00674e+04
1.38000e-03,1.00671e+04
1.38500e-03,1.00668e+04
1.39000e-03,1.00665e+04
1.39500e-03,1.00662e+04
1.40000e-03,1.00659e+04
1.40500e-03,1.00656e+04
1.41000e-03,1.00653e+04
1.41500e-03,1.00649e+04
1.42000e-03,1.00646e+04
1.42500e-03,1.00643e+04
1.43000e-03,1.00640e+04
1.43500e-03,1.00637e+04
1.44000e-03,1.00633e+04
1.44500e-03,1.00630e+04
1.45000e-03,1.00627e+04
1.45500e-03,1.00624e+04
1.46000e-03,1.00620e+04
1.46500e-03,1.00617e+04
1.47000e-03,1.00614e+04
1.47500e-03,1.00611e+04
1.48000e-03,1.00607e+04
1.48500e-03,1.00604e+04
1.49000e-03,1.00601e+04
1.49500e-03,1.00597e+04
1.50000e-03,1.00594e+04
1.50500e-03,1.00590e+04
1.51000e-03,1.00587e+04
1.51500e-03,1.00584e+04
1.52000e-03,1.00580e+04
1.52500e-03,1.00577e+04
1.53000e-03,1.00573e+04
1.53500e-03,1.00570e+04
1.54000e-03,1.00566e+04
1.54500e-03,1.00563e+04
1.55000e-03,1.00559e+04
1.55500e-03,1.00556e+04
1.56000e-03,1.00552e+04
1.56500e-03,1.00549e+04
1.57000e-03,1.00545e+04
1.57500e-03,1.00541e+04
1.58000e-03,1.00538e+04
1.58500e-03,1.00534e+04
1.59000e-03,1.00531e+04
1.59500e-03,1.00527e+04
1.60000e-03,1.00523e+04
1.60500e-03,1.00520e+04
1.61000e-03,1.00516e+04
1.61500e-03,1.00512e+04
1.62000e-03,1.00508e+04
1.62500e-03,1.00505e+04
1.63000e-03,1.00501e+04
1.63500e-03,1.00497e+04
1.64000e-03,1.00493e+04
1.64500e-03,1.00490e+04
1.65000e-03,1.00486e+04
1.65500e-03,1.00482e+04
1.66000e-03,1.00478e+04
1.66500e-03,1.00474e+04
1.67000e-03,1.00470e+04
1.67500e-03,1.00467e+04
1.68000e-03,1.00463e+04
1.68500e-03,1.00459e+04
1.69000e-03,1.00455e+04
1.69500e-03,1.00451e+04
1.70000e-03,1.00447e+04
1.70500e-03,1.00443e+04
1.71000e-03,1.00439e+04
1.71500e-03,1.00435e+04
1.72000e-03,1.00431e+04
1.72500e-03,1.00427e+04
1.73000e-03,1.00423e+04
1.73500e-03,1.00419e+04
1.74000e-03,1.00415e+04
1.74500e-03,1.00411e+04
1.75000e-03,1.00406e+04
1.75500e-03,1.00402e+04
1.76000e-03,1.00398e+04
1.76500e-03,1.00394e+04
1.77000e-03,1.00390e+04
1.77500e-03,1.00386e+04
1.78000e-03,1.00381e+04
1.78500e-03,1.00377e+04
1.79000e-03,1.00373e+04
1.79500e-03,1.00369e+04
1.80000e-03,1.00364e+04
1.80500e-03,1.00360e+04
1.81000e-03,1.00356e+04
1.81500e-03,1.00351e+04
1.82000e-03,1.00347e+04
1.82500e-03,1.00343e+04
1.83000e-03,1.00338e+04
1.83500e-03,1.00334e+04
1.84000e-03,1.00329e+04
1.84500e-03,1.00325e+04
1.85000e-03,1.00321e+04
1.85500e-03,1.00316e+04
1.86000e-03,1.00312e+04
1.86500e-03,1.00307e+04
1.87000e-03,1.00303e+04
1.87500e-03,1.00298e+04
1.88000e-03,1.00293e+04
1.88500e-03,1.00289e+04
1.89000e-03,1.00284e+04
1.89500e-03,1.00280e+04
1.90000e-03,1.00275e+04
1.90500e-03,1.00270e+04
1.91000e-03,1.00266e+04
1.91500e-03,1.00261e+04
1.92000e-03,1.00256e+04
1.92500e-03,1.00252e+04
1.93000e-03,1.00247e+04
1.93500e-03,1.00242e+04
1.94000e-03,1.00237e+04
1.94500e-03,1.00233e+04
1.95000e-03,1.00228e+04
1.95500e-03,1.00223e+04
1.96000e-03,1.00218e+04
1.96500e-03,1.00213e+04
1.97000e-03,1.00208e+04
1.97500e-03,1.00203e+04
1.98000e-03,1.00199e+04
1.98500e-03,1.00194e+04
1.99000e-03,1.00189e+04
1.99500e-03,1.00184e+04
2.00000e-03,1.00179e+04
2.00500e-03,1.00174e+04
2.01000e-03,1.00169e+04
2.01500e-03,1.00164e+04
2.02000e-03,1.00159e+04
2.02500e-03,1.00153e+04
2.03000e-03,1.00148e+04
2.03500e-03,1.00143e+04
2.04000e-03,1.00138e+04
2.04500e-03,1.00133e+04
2.05000e-03,1.00128e+04
2.05500e-03,1.00123e+04
2.06000e-03,1.00117e+04
2.06500e-03,1.00112e+04
2.07000e-03,1.00107e+04
2.07500e-03,1.00102e+04
2.08000e-03,1.00096e+04
2.08500e-03,1.00091e+04
2.09000e-03,1.00086e+04
2.09500e-03,1.00080e+04
2.10000e-03,1.00075e+04
2.10500e-03,1.00070e+04
2.11000e-03,1.00064e+04
2.11500e-03,1.00059e+04
2.12000e-03,1.00053e+04
2.12500e-03,1.00048e+04
2.13000e-03,1.00042e+04
2.13500e-03,1.00037e+04
2.14000e-03,1.00031e+04
2.14500e-03,1.00026e+04
2.15000e-03,1.00020e+04
2.15500e-03,1.00014e+04
2.16000e-03,1.00009e+04
2.16500e-03,1.00003e+04
2.17000e-03,9.99975e+03
2.17500e-03,9.99919e+03
2.18000e-03,9.99862e+03
2.18500e-03,9.99804e+03
2.19000e-03,9.99747e+03
2.19500e-03,9.99689e+03
2.20000e-03,9.99631e+03
2.20500e-03,9.99573e+03
2.21000e-03,9.99515e+03
2.21500e-03,9.99456e+03
2.22000e-03,9.99398e+03
2.22500e-03,9.99339e+03
2.23000e-03,9.99279e+03
2.23500e-03,9.99220e+03
2.24000e-03,9.99160e+03
2.24500e-03,9.99101e+03
2.25000e-03,9.99040e+03
2.25500e-03,9.98980e+03
2.26000e-03,9.98920e+03
2.26500e-03,9.98859e+03
2.27000e-03,9.98798e+03
2.27500e-03,9.98737e+03
2.28000e-03,9.98675e+03
2.28500e-03,9.98614e+03
2.29000e-03,9.98552e+03
2.29500e-03,9.98490e+03
2.30000e-03,9.98427e+03
2.30500e-03,9.98365e+03
2.31000e-03,9.98302e+03
2.31500e-03,9.98239e+03
2.32000e-03,9.98176e+03
2.32500e-03,9.98112e+03
2.33000e-03,9.98048e+03
2.33500e-03,9.97984e+03
2.34000e-03,9.97920e+03
2.34500e-03,9.97856e+03
2.35000e-03,9.97791e+03
2.35500e-03,9.97726e+03
2.36000e-03,9.97661e+03
2.36500e-03,9.97595e+03
2.37000e-03,9.97530e+03
2.37500e-03,9.97464e+03
2.38000e-03,9.97398e+03
2.38500e-03,9.97331e+03
2.39000e-03,9.97265e+03
2.39500e-03,9.97198e+03
2.40000e-03,9.97131e+03
2.40500e-03,9.97064e+03
2.41000e-03,9.96996e+03
2.41500e-03,9.96928e+03
2.42000e-03,9.96860e+03
2.42500e-03,9.96792e+03
2.43000e-03,9.96723e+03
2.43500e-03,9.96655e+03
2.44000e-03,9.96586e+03
2.44500e-03,9.96516e+03
2.45000e-03,9.96447e+03
2.45500e-03,9.96377e+03
2.46000e-03,9.96307e+03
2.46500e-03,9.96237e+03
2.47000e-03,9.96166e+03
2.47500e-03,9.96095e+03
2.48000e-03,9.96024e+03
2.48500e-03,9.95953e+03
2.49000e-03,9.95882e+03
2.49500e-03,9.95810e+03
2.50000e-03,9.95738e+03
2.50500e-03,9.95665e+03
2.51000e-03,9.95593e+03
2.51500e-03,9.95520e+03
2.52000e-03,9.95447e+03
2.52500e-03,9.95374e+03
2.53000e-03,9.95300e+03
2.53500e-03,9.95226e+03
2.54000e-03,9.95152e+03
2.54500e-03,9.95078e+03
2.55000e-03,9.95003e+03
2.55500e-03,9.94928e+03
2.56000e-03,9.94853e+03
2.56500e-03,9.94777e+03
2.57000e-03,9.94702e+03
2.57500e-03,9.94626e+03
2.58000e-03,9.94549e+03
2.58500e-03,9.94473e+03
2.59000e-03,9.94396e+03
2.59500e-03,9.94319e+03
2.60000e-03,9.94241e+03
2.60500e-03,9.94164e+03
2.61000e-03,9.94086e+03
2.61500e-03,9.94007e+03
2.62000e-03,9.93929e+03
2.62500e-03,9.93850e+03
2.63000e-03,9.93771e+03
2.63500e-03,9.93692e+03
2.64000e-03,9.93612e+03
2.64500e-03,9.93532e+03
2.65000e-03,9.93452e+03
2.65500e-03,9.93371e+03
2.66000e-03,9.93290e+03
2.66500e-03,9.93209e+03
2.67000e-03,9.93128e+03
2.67500e-03,9.93046e+03
2.68000e-03,9.92964e+03
2.68500e-03,9.92882e+03
2.69000e-03,9.92800e+03
2.69500e-03,9.92717e+03
2.70000e-03,9.92634e+03
2.70500e-03,9.92550e+03
2.71000e-03,9.92466e+03
2.71500e-03,9.92382e+03
2.72000e-03,9.92298e+03
2.72500e-03,9.92213e+03
2.73000e-03,9.92128e+03
2.73500e-03,9.92043e+03
2.74000e-03,9.91958e+03
2.74500e-03,9.91872e+03
2.75000e-03,9.91786e+03
2.75500e-03,9.91699e+03
2.76000e-03,9.91612e+03
2.76500e-03,9.91525e+03
2.77000e-03,9.91438e+03
2.77500e-03,9.91350e+03
2.78000e-03,9.91262e+03
2.78500e-03,9.91174e+03
2.79000e-03,9.91085e+03
2.79500e-03,9.90996e+03
2.80000e-03,9.90907e+03
2.80500e-03,9.90817e+03
2.81000e-03,9.90728e+03
2.81500e-03,9.90637e+03
2.82000e-03,9.90547e+03
2.82500e-03,9.90456e+03
2.83000e-03,9.90365e+03
2.83500e-03,9.90273e+03
2.84000e-03,9.90181e+03
2.84500e-03,9.90089e+03
2.85000e-03,9.89996e+03
2.85500e-03,9.89904e+03
2.86000e-03,9.89810e+03
2.86500e-03,9.89717e+03
2.87000e-03,9.89623e+03
2.87500e-03,9.89529e+03
2.88000e-03,9.89434e+03
2.88500e-03,9.89339e+03
2.89000e-03,9.89244e+03
2.89500e-03,9.89148e+03
2.90000e-03,9.89053e+03
2.90500e-03,9.88956e+03
2.91000e-03,9.88860e+03
2.91500e-03,9.88763e+03
2.92000e-03,9.88666e+03
2.92500e-03,9.88568e+03
2.93000e-03,9.88470e+03
2.93500e-03,9.88372e+03
2.94000e-03,9.88273e+03
2.94500e-03,9.88174e+03
2.95000e-03,9.88075e+03
2.95500e-03,9.87975e+03
2.96000e-03,9.87875e+03
2.96500e-03,9.87775e+03
2.97000e-03,9.87674e+03
2.97500e-03,9.87573e+03
2.98000e-03,9.87471e+03
2.98500e-03,9.87370e+03
2.99000e-03,9.87267e+03
2.99500e-03,9.87165e+03
3.00000e-03,9.87062e+03
3.00500e-03,9.86959e+03
3.01000e-03,9.86855e+03
3.01500e-03,9.86751e+03
3.02000e-03,9.86647e+03
3.02500e-03,9.86542e+03
3.03000e-03,9.86437e+03
3.03500e-03,9.86331e+03
3.04000e-03,9.86226e+03
3.04500e-03,9.86119e+03
3.05000e-03,9.86013e+03
3.05500e-03,9.85906e+03
3.06000e-03,9.85799e+03
3.06500e-03,9.85691e+03
3.07000e-03,9.85583e+03
3.07500e-03,9.85474e+03
3.08000e-03,9.85365e+03
3.08500e-03,9.85256e+03
3.09000e-03,9.85147e+03
3.09500e-03,9.85037e+03
3.10000e-03,9.84926e+03
3.10500e-03,9.84815e+03
3.11000e-03,9.84704e+03
3.11500e-03,9.84593e+03
3.12000e-03,9.84481e+03
3.12500e-03,9.84369e+03
3.13000e-03,9.84256e+03
3.13500e-03,9.84143e+03
3.14000e-03,9.84029e+03
3.14500e-03,9.83915e+03
3.15000e-03,9.83801e+03
3.15500e-03,9.83686e+03
3.16000e-03,9.83571e+03
3.16500e-03,9.83456e+03
3.17000e-03,9.83340e+03
3.17500e-03,9.83223e+03
3.18000e-03,9.83106e+03
3.18500e-03,9.82989e+03
3.19000e-03,9.82872e+03
3.19500e-03,9.82754e+03
3.20000e-03,9.82635e+03
3.20500e-03,9.82516e+03
3.21000e-03,9.82397e+03
3.21500e-03,9.82277e+03
3.22000e-03,9.82157e+03
3.22500e-03,9.82037e+03
3.23000e-03,9.81916e+03
3.23500e-03,9.81794e+03
3.24000e-03,9.81673e+03
3.24500e-03,9.81550e+03
3.25000e-03,9.81428e+03
3.25500e-03,9.81304e+03
3.26000e-03,9.81181e+03
3.26500e-03,9.81057e+03
3.27000e-03,9.80933e+03
3.27500e-03,9.80808e+03
3.28000e-03,9.80682e+03
3.28500e-03,9.80557e+03
3.29000e-03,9.80430e+03
3.29500e-03,9.80304e+03
3.30000e-03,9.80177e+03
3.30500e-03,9.80049e+03
3.31000e-03,9.79921e+03
3.31500e-03,9.79793e+03
3.32000e-03,9.79664e+03
3.32500e-03,9.79535e+03
3.33000e-03,9.79405e+03
3.33500e-03,9.79275e+03
3.34000e-03,9.79144e+03
3.34500e-03,9.79013e+03
3.35000e-03,9.78881e+03
3.35500e-03,9.78749e+03
3.36000e-03,9.78617e+03
3.36500e-03,9.78484e+03
3.37000e-03,9.78350e+03
3.37500e-03,9.78216e+03
3.38000e-03,9.78082e+03
3.38500e-03,9.77947e+03
3.39000e-03,9.77812e+03
3.39500e-03,9.77676e+03
3.40000e-03,9.77540e+03
3.40500e-03,9.77403e+03
3.41000e-03,9.77266e+03
3.41500e-03,9.77128e+03
3.42000e-03,9.76990e+03
3.42500e-03,9.76851e+03
3.43000e-03,9.76712e+03
3.43500e-03,9.76572e+03
3.44000e-03,9.76432e+03
3.44500e-03,9.76291e+03
3.45000e-03,9.76150e+03
3.45500e-03,9.76009e+03
3.46000e-03,9.75866e+03
3.46500e-03,9.75724e+03
3.47000e-03,9.75580e+03
3.47500e-03,9.75437e+03
3.48000e-03,9.75293e+03
3.48500e-03,9.75148e+03
3.49000e-03,9.75003e+03
3.49500e-03,9.74857e+03
3.50000e-03,9.74711e+03
3.50500e-03,9.74564e+03
3.51000e-03,9.74417e+03
3.51500e-03,9.74269e+03
3.52000e-03,9.74121e+03
3.52500e-03,9.73972e+03
3.53000e-03,9.73823e+03
3.53500e-03,9.73673e+03
3.54000e-03,9.73522e+03
3.54500e-03,9.73371e+03
3.55000e-03,9.73220e+03
3.55500e-03,9.73068e+03
3.56000e-03,9.72916e+03
3.56500e-03,9.72763e+03
3.57000e-03,9.72609e+03
3.57500e-03,9.72455e+03
3.58000e-03,9.72300e+03
3.58500e-03,9.72145e+03
3.59000e-03,9.71990e+03
3.59500e-03,9.71833e+03
3.60000e-03,9.71677e+03
3.60500e-03,9.71519e+03
3.61000e-03,9.71361e+03
3.61500e-03,9.71203e+03
3.62000e-03,9.71044e+03
3.62500e-03,9.70885e+03
3.63000e-03,9.70724e+03
3.63500e-03,9.70564e+03
3.64000e-03,9.70403e+03
3.64500e-03,9.70241e+03
3.65000e-03,9.70079e+03
3.65500e-03,9.69916e+03
3.66000e-03,9.69752e+03
3.66500e-03,9.69588e+03
3.67000e-03,9.69424e+03
3.67500e-03,9.69258e+03
3.68000e-03,9.69093e+03
3.68500e-03,9.68926e+03
3.69000e-03,9.68760e+03
3.69500e-03,9.68592e+03
3.70000e-03,9.68424e+03
3.70500e-03,9.68256e+03
3.71000e-03,9.68086e+03
3.71500e-03,9.67917e+03
3.72000e-03,9.67746e+03
3.72500e-03,9.67575e+03
3.73000e-03,9.67404e+03
3.73500e-03,9.67231e+03
3.74000e-03,9.67059e+03
3.74500e-03,9.66885e+03
3.75000e-03,9.66711e+03
3.75500e-03,9.66537e+03
3.76000e-03,9.66362e+03
3.76500e-03,9.66186e+03
3.77000e-03,9.66009e+03
3.77500e-03,9.65832e+03
3.78000e-03,9.65655e+03
3.78500e-03,9.65477e+03
3.79000e-03,9.65298e+03
3.79500e-03,9.65118e+03
3.80000e-03,9.64938e+03
3.80500e-03,9.64757e+03
3.81000e-03,9.64576e+03
3.81500e-03,9.64394e+03
3.82000e-03,9.64211e+03
3.82500e-03,9.64028e+03
3.83000e-03,9.63844e+03
3.83500e-03,9.63659e+03
3.84000e-03,9.63474e+03
3.84500e-03,9.63288e+03
3.85000e-03,9.63102e+03
3.85500e-03,9.62915e+03
3.86000e-03,9.62727e+03
3.86500e-03,9.62538e+03
3.87000e-03,9.62349e+03
3.87500e-03,9.62159e+03
3.88000e-03,9.61969e+03
3.88500e-03,9.61778e+03
3.89000e-03,9.61586e+03
3.89500e-03,9.61393e+03
3.90000e-03,9.61200e+03
3.90500e-03,9.61006e+03
3.91000e-03,9.60812e+03
3.91500e-03,9.60617e+03
3.92000e-03,9.60421e+03
3.92500e-03,9.60224e+03
3.93000e-03,9.60027e+03
3.93500e-03,9.59829e+03
3.94000e-03,9.59631e+03
3.94500e-03,9.59431e+03
3.95000e-03,9.59231e+03
3.95500e-03,9.59031e+03
3.96000e-03,9.58829e+03
3.96500e-03,9.58627e+03
3.97000e-03,9.58425e+03
3.97500e-03,9.58221e+03
3.98000e-03,9.58017e+03
3.98500e-03,9.57812e+03
3.99000e-03,9.57606e+03
3.99500e-03,9.57400e+03
4.00000e-03,9.57193e+03
4.00500e-03,9.56985e+03
4.01000e-03,9.56777e+03
4.01500e-03,9.56567e+03
4.02000e-03,9.56358e+03
4.02500e-03,9.56147e+03
4.03000e-03,9.55936e+03
4.03500e-03,9.55723e+03
4.04000e-03,9.55511e+03
4.04500e-03,9.55297e+03
4.05000e-03,9.55083e+03
4.05500e-03,9.54867e+03
4.06000e-03,9.54651e+03
4.06500e-03,9.54435e+03
4.07000e-03,9.54217e+03
4.07500e-03,9.53999e+03
4.08000e-03,9.53780e+03
4.08500e-03,9.53560e+03
4.09000e-03,9.53340e+03
4.09500e-03,9.53119e+03
4.10000e-03,9.52897e+03
4.10500e-03,9.52674e+03
4.11000e-03,9.52450e+03
4.11500e-03,9.52226e+03
4.12000e-03,9.52001e+03
4.12500e-03,9.51775e+03
4.13000e-03,9.51548e+03
4.13500e-03,9.51321e+03
4.14000e-03,9.51092e+03
4.14500e-03,9.50863e+03
4.15000e-03,9.50633e+03
4.15500e-03,9.50403e+03
4.16000e-03,9.50171e+03
4.16500e-03,9.49939e+03
4.17000e-03,9.49706e+03
4.17500e-03,9.49472e+03
4.18000e-03,9.49237e+03
4.18500e-03,9.49001e+03
4.19000e-03,9.48765e+03
4.19500e-03,9.48528e+03
4.20000e-03,9.48290e+03
4.20500e-03,9.48051e+03
4.21000e-03,9.47811e+03
4.21500e-03,9.47571e+03
4.22000e-03,9.47329e+03
4.22500e-03,9.47087e+03
4.23000e-03,9.46844e+03
4.23500e-03,9.46600e+03
4.24000e-03,9.46355e+03
4.24500e-03,9.46110e+03
4.25000e-03,9.45863e+03
4.25500e-03,9.45616e+03
4.26000e-03,9.45368e+03
4.26500e-03,9.45119e+03
4.27000e-03,9.44869e+03
4.27500e-03,9.44618e+03
4.28000e-03,9.44367e+03
4.28500e-03,9.44114e+03
4.29000e-03,9.43861e+03
4.29500e-03,9.43606e+03
4.30000e-03,9.43351e+03
4.30500e-03,9.43095e+03
4.31000e-03,9.42838e+03
4.31500e-03,9.42580e+03
4.32000e-03,9.42322e+03
4.32500e-03,9.42062e+03
4.33000e-03,9.41802e+03
4.33500e-03,9.41540e+03
4.34000e-03,9.41278e+03
4.34500e-03,9.41015e+03
4.35000e-03,9.40751e+03
4.35500e-03,9.40486e+03
4.36000e-03,9.40220e+03
4.36500e-03,9.39953e+03
4.37000e-03,9.39685e+03
4.37500e-03,9.39416e+03
4.38000e-03,9.39146e+03
4.38500e-03,9.38876e+03
4.39000e-03,9.38604e+03
4.39500e-03,9.38332e+03
4.40000e-03,9.38058e+03
4.40500e-03,9.37784e+03
4.41000e-03,9.37509e+03
4.41500e-03,9.37232e+03
4.42000e-03,9.36955e+03
4.42500e-03,9.36677e+03
4.43000e-03,9.36398e+03
4.43500e-03,9.36118e+03
4.44000e-03,9.35836e+03
4.44500e-03,9.35554e+03
4.45000e-03,9.35271e+03
4.45500e-03,9.34987e+03
4.46000e-03,9.34702e+03
4.46500e-03,9.34416e+03
4.47000e-03,9.34129e+03
4.47500e-03,9.33841e+03
4.48000e-03,9.33552e+03
4.48500e-03,9.33262e+03
4.49000e-03,9.32971e+03
4.49500e-03,9.32679e+03
4.50000e-03,9.32386e+03
4.50500e-03,9.32091e+03
4.51000e-03,9.31796e+03
4.51500e-03,9.31500e+03
4.52000e-03,9.31203e+03
4.52500e-03,9.30905e+03
4.53000e-03,9.30605e+03
4.53500e-03,9.30305e+03
4.54000e-03,9.30004e+03
4.54500e-03,9.29701e+03
4.55000e-03,9.29398e+03
4.55500e-03,9.29094e+03
4.56000e-03,9.28788e+03
4.56500e-03,9.28481e+03
4.57000e-03,9.28174e+03
4.57500e-03,9.27865e+03
4.58000e-03,9.27555e+03
4.58500e-03,9.27244e+03
4.59000e-03,9.26932e+03
4.59500e-03,9.26619e+03
4.60000e-03,9.26305e+03
4.60500e-03,9.25990e+03
4.61000e-03,9.25674e+03
4.61500e-03,9.25356e+03
4.62000e-03,9.25038e+03
4.62500e-03,9.24718e+03
4.63000e-03,9.24398e+03
4.63500e-03,9.24076e+03
4.64000e-03,9.23753e+03
4.64500e-03,9.23429e+03
4.65000e-03,9.23104e+03
4.65500e-03,9.22778e+03
4.66000e-03,9.22450e+03
4.66500e-03,9.22122e+03
4.67000e-03,9.21792e+03
4.67500e-03,9.21461e+03
4.68000e-03,9.21129e+03
4.68500e-03,9.20796e+03
4.69000e-03,9.20462e+03
4.69500e-03,9.20127e+03
4.70000e-03,9.19790e+03
4.70500e-03,9.19453e+03
4.71000e-03,9.19114e+03
4.71500e-03,9.18774e+03
4.72000e-03,9.18433e+03
4.72500e-03,9.18090e+03
4.73000e-03,9.17747e+03
4.73500e-03,9.17402e+03
4.74000e-03,9.17056e+03
4.74500e-03,9.16709e+03
4.75000e-03,9.16361e+03
4.75500e-03,9.16011e+03
4.76000e-03,9.15660e+03
4.76500e-03,9.15309e+03
4.77000e-03,9.14955e+03
4.77500e-03,9.14601e+03
4.78000e-03,9.14245e+03
4.78500e-03,9.13889e+03
4.79000e-03,9.13530e+03
4.79500e-03,9.13171e+03
4.80000e-03,9.12811e+03
4.80500e-03,9.12449e+03
4.81000e-03,9.12086e+03
4.81500e-03,9.11722e+03
4.82000e-03,9.11356e+03
4.82500e-03,9.10989e+03
4.83000e-03,9.10621e+03
4.83500e-03,9.10252e+03
4.84000e-03,9.09882e+03
4.84500e-03,9.09510e+03
4.85000e-03,9.09137e+03
4.85500e-03,9.08763e+03
4.86000e-03,9.08387e+03
4.86500e-03,9.08010e+03
4.87000e-03,9.07632e+03
4.87500e-03,9.07252e+03
4.88000e-03,9.06872e+03
4.88500e-03,9.06490e+03
4.89000e-03,9.06106e+03
4.89500e-03,9.05722e+03
4.90000e-03,9.05336e+03
4.90500e-03,9.04948e+03
4.91000e-03,9.04560e+03
4.91500e-03,9.04170e+03
4.92000e-03,9.03778e+03
4.92500e-03,9.03386e+03
4.93000e-03,9.02992e+03
4.93500e-03,9.02597e+03
4.94000e-03,9.02200e+03
4.94500e-03,9.01802e+03
4.95000e-03,9.01403e+03
4.95500e-03,9.01002e+03
4.96000e-03,9.00600e+03
4.96500e-03,9.00197e+03
4.97000e-03,8.99792e+03
4.97500e-03,8.99386e+03
4.98000e-03,8.98979e+03
4.98500e-03,8.98570e+03
4.99000e-03,8.98160e+03
4.99500e-03,8.97748e+03
5.00000e-03,8.97335e+03
5.00500e-03,8.96921e+03
5.01000e-03,8.96505e+03
5.01500e-03,8.96088e+03
5.02000e-03,8.95669e+03
5.02500e-03,8.95250e+03
5.03000e-03,8.94828e+03
5.03500e-03,8.94405e+03
5.04000e-03,8.93981e+03
5.04500e-03,8.93556e+03
5.05000e-03,8.93129e+03
5.05500e-03,8.92700e+03
5.06000e-03,8.92270e+03
5.06500e-03,8.91839e+03
5.07000e-03,8.91407e+03
5.07500e-03,8.90972e+03
5.08000e-03,8.90537e+03
5.08500e-03,8.90100e+03
5.09000e-03,8.89661e+03
5.09500e-03,8.89221e+03
5.10000e-03,8.88780e+03
5.10500e-03,8.88337e+03
5.11000e-03,8.87893e+03
5.11500e-03,8.87447e+03
5.12000e-03,8.87000e+03
5.12500e-03,8.86551e+03
5.13000e-03,8.86101e+03
5.13500e-03,8.85649e+03
5.14000e-03,8.85196e+03
5.14500e-03,8.84741e+03
5.15000e-03,8.84285e+03
5.15500e-03,8.83827e+03
5.16000e-03,8.83368e+03
5.16500e-03,8.82907e+03
5.17000e-03,8.82445e+03
5.17500e-03,8.81981e+03
5.18000e-03,8.81516e+03
5.18500e-03,8.81049e+03
5.19000e-03,8.80581e+03
5.19500e-03,8.80111e+03
5.20000e-03,8.79640e+03
5.20500e-03,8.79167e+03
5.21000e-03,8.78693e+03
5.21500e-03,8.78217e+03
5.22000e-03,8.77740e+03
5.22500e-03,8.77261e+03
5.23000e-03,8.76780e+03
5.23500e-03,8.76298e+03
5.24000e-03,8.75815e+03
5.24500e-03,8.75329e+03
5.25000e-03,8.74843e+03
5.25500e-03,8.74355e+03
5.26000e-03,8.73865e+03
5.26500e-03,8.73373e+03
5.27000e-03,8.72881e+03
5.27500e-03,8.72386e+03
5.28000e-03,8.71890e+03
5.28500e-03,8.71393e+03
5.29000e-03,8.70894e+03
5.29500e-03,8.70393e+03
5.30000e-03,8.69891e+03
5.30500e-03,8.69387e+03
5.31000e-03,8.68882e+03
5.31500e-03,8.68375e+03
5.32000e-03,8.67866e+03
5.32500e-03,8.67356e+03
5.33000e-03,8.66844e+03
5.33500e-03,8.66331e+03
5.34000e-03,8.65816e+03
5.34500e-03,8.65300e+03
5.35000e-03,8.64782e+03
5.35500e-03,8.64262e+03
5.36000e-03,8.63741e+03
5.36500e-03,8.63219e+03
5.37000e-03,8.62694e+03
5.37500e-03,8.62169e+03
5.38000e-03,8.61641e+03
5.38500e-03,8.61112e+03
5.39000e-03,8.60582e+03
5.39500e-03,8.60049e+03
5.40000e-03,8.59516e+03
5.40500e-03,8.58980e+03
5.41000e-03,8.58443e+03
5.41500e-03,8.57905e+03
5.42000e-03,8.57365e+03
5.42500e-03,8.56823e+03
5.43000e-03,8.56280e+03
5.43500e-03,8.55735e+03
5.44000e-03,8.55188e+03
5.44500e-03,8.54640e+03
5.45000e-03,8.54091e+03
5.45500e-03,8.53540e+03
5.46000e-03,8.52987e+03
5.46500e-03,8.52433e+03
5.47000e-03,8.51877e+03
5.47500e-03,8.51319e+03
5.48000e-03,8.50760e+03
5.48500e-03,8.50200e+03
5.49000e-03,8.49638e+03
5.49500e-03,8.49074e+03
5.50000e-03,8.48509e+03
5.50500e-03,8.47942e+03
5.51000e-03,8.47374e+03
5.51500e-03,8.46804e+03
5.52000e-03,8.46232e+03
5.52500e-03,8.45660e+03
5.53000e-03,8.45085e+03
5.53500e-03,8.44509e+03
5.54000e-03,8.43932e+03
5.54500e-03,8.43353e+03
5.55000e-03,8.42772e+03
5.55500e-03,8.42190e+03
5.56000e-03,8.41607e+03
5.56500e-03,8.41022e+03
5.57000e-03,8.40436e+03
5.57500e-03,8.39848e+03
5.58000e-03,8.39258e+03
5.58500e-03,8.38667e+03
5.59000e-03,8.38075e+03
5.59500e-03,8.37481e+03
5.60000e-03,8.36886e+03
5.60500e-03,8.36290e+03
5.61000e-03,8.35691e+03
5.61500e-03,8.35092e+03
5.62000e-03,8.34491e+03
5.62500e-03,8.33889e+03
5.63000e-03,8.33285e+03
5.63500e-03,8.32680e+03
5.64000e-03,8.32074e+03
5.64500e-03,8.31466e+03
5.65000e-03,8.30857e+03
5.65500e-03,8.30246e+03
5.66000e-03,8.29634e+03
5.66500e-03,8.29021e+03
5.67000e-03,8.28407e+03
5.67500e-03,8.27791e+03
5.68000e-03,8.27174e+03
5.68500e-03,8.26556e+03
5.69000e-03,8.25936e+03
5.69500e-03,8.25315e+03
5.70000e-03,8.24693e+03
5.70500e-03,8.24069e+03
5.71000e-03,8.23445e+03
5.71500e-03,8.22819e+03
5.72000e-03,8.22192e+03
5.72500e-03,8.21564e+03
5.73000e-03,8.20934e+03
5.73500e-03,8.20304e+03
5.74000e-03,8.19672e+03
5.74500e-03,8.19039e+03
5.75000e-03,8.18405e+03
5.75500e-03,8.17770e+03
5.76000e-03,8.17134e+03
5.76500e-03,8.16497e+03
5.77000e-03,8.15859e+03
5.77500e-03,8.15220e+03
5.78000e-03,8.14580e+03
5.78500e-03,8.13938e+03
5.79000e-03,8.13296e+03
5.79500e-03,8.12653e+03
5.80000e-03,8.12009e+03
5.80500e-03,8.11364e+03
5.81000e-03,8.10718e+03
5.81500e-03,8.10072e+03
5.82000e-03,8.09424e+03
5.82500e-03,8.08776e+03
5.83000e-03,8.08126e+03
5.83500e-03,8.07476e+03
5.84000e-03,8.06825e+03
5.84500e-03,8.06174e+03
5.85000e-03,8.05521e+03
5.85500e-03,8.04868e+03
5.86000e-03,8.04215e+03
5.86500e-03,8.03560e+03
5.87000e-03,8.02905e+03
5.87500e-03,8.02249e+03
5.88000e-03,8.01593e+03
5.88500e-03,8.00936e+03
5.89000e-03,8.00279e+03
5.89500e-03,7.99621e+03
5.90000e-03,7.98962e+03
5.90500e-03,7.98303e+03
5.91000e-03,7.97644e+03
5.91500e-03,7.96984e+03
5.92000e-03,7.96324e+03
5.92500e-03,7.95663e+03
5.93000e-03,7.95002e+03
5.93500e-03,7.94341e+03
5.94000e-03,7.93679e+03
5.94500e-03,7.93017e+03
5.95000e-03,7.92355e+03
5.95500e-03,7.91692e+03
5.96000e-03,7.91030e+03
5.96500e-03,7.90367e+03
5.97000e-03,7.89704e+03
5.97500e-03,7.89041e+03
5.98000e-03,7.88377e+03
5.98500e-03,7.87714e+03
5.99000e-03,7.87050e+03
5.99500e-03,7.86387e+03
6.00000e-03,7.85723e+03
6.00500e-03,7.85060e+03
6.01000e-03,7.84397e+03
6.01500e-03,7.83733e+03
6.02000e-03,7.83070e+03
6.02500e-03,7.82407e+03
6.03000e-03,7.81744e+03
6.03500e-03,7.81081e+03
6.04000e-03,7.80419e+03
6.04500e-03,7.79756e+03
6.05000e-03,7.79094e+03
6.05500e-03,7.78433e+03
6.06000e-03,7.77771e+03
6.06500e-03,7.77110e+03
6.07000e-03,7.76449e+03
6.07500e-03,7.75789e+03
6.08000e-03,7.75129e+03
6.08500e-03,7.74469e+03
6.09000e-03,7.73810e+03
6.09500e-03,7.73151e+03
6.10000e-03,7.72493e+03
6.10500e-03,7.71835e+03
6.11000e-03,7.71178e+03
6.11500e-03,7.70522e+03
6.12000e-03,7.69866e+03
6.12500e-03,7.69211e+03
6.13000e-03,7.68556e+03
6.13500e-03,7.67902e+03
6.14000e-03,7.67248e+03
6.14500e-03,7.66596e+03
6.15000e-03,7.65944e+03
6.15500e-03,7.65293e+03
6.16000e-03,7.64643e+03
6.16500e-03,7.63993e+03
6.17000e-03,7.63344e+03
6.17500e-03,7.62697e+03
6.18000e-03,7.62050e+03
6.18500e-03,7.61403e+03
6.19000e-03,7.60758e+03
6.19500e-03,7.60114e+03
6.20000e-03,7.59471e+03
6.20500e-03,7.58828e+03
6.21000e-03,7.58187e+03
6.21500e-03,7.57546e+03
6.22000e-03,7.56907e+03
6.22500e-03,7.56269e+03
6.23000e-03,7.55631e+03
6.23500e-03,7.54995e+03
6.24000e-03,7.54360e+03
6.24500e-03,7.53726e+03
6.25000e-03,7.53093e+03
6.25500e-03,7.52461e+03
6.26000e-03,7.51830e+03
6.26500e-03,7.51201e+03
6.27000e-03,7.50572e+03
6.27500e-03,7.49945e+03
6.28000e-03,7.49319e+03
6.28500e-03,7.48694e+03
6.29000e-03,7.48070e+03
6.29500e-03,7.47448e+03
6.30000e-03,7.46827e+03
6.30500e-03,7.46207e+03
6.31000e-03,7.45588e+03
6.31500e-03,7.44970e+03
6.32000e-03,7.44354e+03
6.32500e-03,7.43739e+03
6.33000e-03,7.43126e+03
6.33500e-03,7.42513e+03
6.34000e-03,7.41902e+03
6.34500e-03,7.41293e+03
6.35000e-03,7.40684e+03
6.35500e-03,7.40077e+03
6.36000e-03,7.39471e+03
6.36500e-03,7.38867e+03
6.37000e-03,7.38264e+03
6.37500e-03,7.37662e+03
6.38000e-03,7.37061e+03
6.38500e-03,7.36462e+03
6.39000e-03,7.35865e+03
6.39500e-03,7.35268e+03
6.40000e-03,7.34673e+03
6.40500e-03,7.34080e+03
6.41000e-03,7.33487e+03
6.41500e-03,7.32896e+03
6.42000e-03,7.32307e+03
6.42500e-03,7.31719e+03
6.43000e-03,7.31132e+03
6.43500e-03,7.30546e+03
6.44000e-03,7.29962e+03
6.44500e-03,7.29379e+03
6.45000e-03,7.28798e+03
6.45500e-03,7.28218e+03
6.46000e-03,7.27639e+03
6.46500e-03,7.27062e+03
6.47000e-03,7.26486e+03
6.47500e-03,7.25911e+03
6.48000e-03,7.25338e+03
6.48500e-03,7.24766e+03
6.49000e-03,7.24195e+03
6.49500e-03,7.23626e+03
6.50000e-03,7.23058e+03
6.50500e-03,7.22492e+03
6.51000e-03,7.21926e+03
6.51500e-03,7.21363e+03
6.52000e-03,7.20800e+03
6.52500e-03,7.20239e+03
6.53000e-03,7.19679e+03
6.53500e-03,7.19120e+03
6.54000e-03,7.18562e+03
6.54500e-03,7.18006e+03
6.55000e-03,7.17451e+03
6.55500e-03,7.16898e+03
6.56000e-03,7.16346e+03
6.56500e-03,7.15795e+03
6.57000e-03,7.15245e+03
6.57500e-03,7.14696e+03
6.58000e-03,7.14149e+03
6.58500e-03,7.13603e+03
6.59000e-03,7.13058e+03
6.59500e-03,7.12514e+03
6.60000e-03,7.11972e+03
6.60500e-03,7.11431e+03
6.61000e-03,7.10891e+03
6.61500e-03,7.10352e+03
6.62000e-03,7.09814e+03
6.62500e-03,7.09278e+03
6.63000e-03,7.08742e+03
6.63500e-03,7.08208e+03
6.64000e-03,7.07675e+03
6.64500e-03,7.07143e+03
6.65000e-03,7.06613e+03
6.65500e-03,7.06083e+03
6.66000e-03,7.05554e+03
6.66500e-03,7.05027e+03
6.67000e-03,7.04501e+03
6.67500e-03,7.03975e+03
6.68000e-03,7.03451e+03
6.68500e-03,7.02928e+03
6.69000e-03,7.02406e+03
6.69500e-03,7.01885e+03
6.70000e-03,7.01365e+03
6.70500e-03,7.00846e+03
6.71000e-03,7.00328e+03
6.71500e-03,6.99811e+03
6.72000e-03,6.99296e+03
6.72500e-03,6.98781e+03
6.73000e-03,6.98267e+03
6.73500e-03,6.97754e+03
6.74000e-03,6.97242e+03
6.74500e-03,6.96731e+03
6.75000e-03,6.96221e+03
6.75500e-03,6.95712e+03
6.76000e-03,6.95203e+03
6.76500e-03,6.94696e+03
6.77000e-03,6.94189e+03
6.77500e-03,6.93684e+03
6.78000e-03,6.93179e+03
6.78500e-03,6.92675e+03
6.79000e-03,6.92172e+03
6.79500e-03,6.91670e+03
6.80000e-03,6.91169e+03
6.80500e-03,6.90668e+03
6.81000e-03,6.90169e+03
6.81500e-03,6.89670e+03
6.82000e-03,6.89172e+03
6.82500e-03,6.88674e+03
6.83000e-03,6.88178e+03
6.83500e-03,6.87682e+03
6.84000e-03,6.87187e+03
6.84500e-03,6.86693e+03
6.85000e-03,6.86199e+03
6.85500e-03,6.85706e+03
6.86000e-03,6.85214e+03
6.86500e-03,6.84723e+03
6.87000e-03,6.84232e+03
6.87500e-03,6.83741e+03
6.88000e-03,6.83252e+03
6.88500e-03,6.82763e+03
6.89000e-03,6.82275e+03
6.89500e-03,6.81787e+03
6.90000e-03,6.81300e+03
6.90500e-03,6.80813e+03
6.91000e-03,6.80327e+03
6.91500e-03,6.79842e+03
6.92000e-03,6.79357e+03
6.92500e-03,6.78873e+03
6.93000e-03,6.78389e+03
6.93500e-03,6.77906e+03
6.94000e-03,6.77423e+03
6.94500e-03,6.76941e+03
6.95000e-03,6.76460e+03
6.95500e-03,6.75979e+03
6.96000e-03,6.75498e+03
6.96500e-03,6.75018e+03
6.97000e-03,6.74538e+03
6.97500e-03,6.74059e+03
6.98000e-03,6.73580e+03
6.98500e-03,6.73102e+03
6.99000e-03,6.72624e+03
6.99500e-03,6.72147e+03
7.00000e-03,6.71670e+03
7.00500e-03,6.71193e+03
7.01000e-03,6.70717e+03
7.01500e-03,6.70241e+03
7.02000e-03,6.69766e+03
7.02500e-03,6.69291e+03
7.03000e-03,6.68816e+03
7.03500e-03,6.68341e+03
7.04000e-03,6.67867e+03
7.04500e-03,6.67394e+03
7.05000e-03,6.66920e+03
7.05500e-03,6.66447e+03
7.06000e-03,6.65974e+03
7.06500e-03,6.65501e+03
7.07000e-03,6.65029e+03
7.07500e-03,6.64557e+03
7.08000e-03,6.64085e+03
7.08500e-03,6.63613e+03
7.09000e-03,6.63142e+03
7.09500e-03,6.62670e+03
7.10000e-03,6.62199e+03
7.10500e-03,6.61728e+03
7.11000e-03,6.61258e+03
7.11500e-03,6.60787e+03
7.12000e-03,6.60317e+03
7.12500e-03,6.59846e+03
7.13000e-03,6.59376e+03
7.13500e-03,6.58906e+03
7.14000e-03,6.58436e+03
7.14500e-03,6.57966e+03
7.15000e-03,6.57496e+03
7.15500e-03,6.57027e+03
7.16000e-03,6.56557e+03
7.16500e-03,6.56088e+03
7.17000e-03,6.55618e+03
7.17500e-03,6.55149e+03
7.18000e-03,6.54679e+03
7.18500e-03,6.54210e+03
7.19000e-03,6.53740e+03
7.19500e-03,6.53271e+03
7.20000e-03,6.52801e+03
7.20500e-03,6.52332e+03
7.21000e-03,6.51862e+03
7.21500e-03,6.51392e+03
7.22000e-03,6.50923e+03
7.22500e-03,6.50453e+03
7.23000e-03,6.49983e+03
7.23500e-03,6.49513e+03
7.24000e-03,6.49043e+03
7.24500e-03,6.48573e+03
7.25000e-03,6.48103e+03
7.25500e-03,6.47632e+03
7.26000e-03,6.47161e+03
7.26500e-03,6.46691e+03
7.27000e-03,6.46220e+03
7.27500e-03,6.45749e+03
7.28000e-03,6.45277e+03
7.28500e-03,6.44806e+03
7.29000e-03,6.44334e+03
7.29500e-03,6.43862e+03
7.30000e-03,6.43389e+03
7.30500e-03,6.42917e+03
7.31000e-03,6.42444e+03
7.31500e-03,6.41971e+03
7.32000e-03,6.41498e+03
7.32500e-03,6.41024e+03
7.33000e-03,6.40550e+03
7.33500e-03,6.40076e+03
7.34000e-03,6.39601e+03
7.34500e-03,6.39126e+03
7.35000e-03,6.38650e+03
7.35500e-03,6.38175e+03
7.36000e-03,6.37698e+03
7.36500e-03,6.37222e+03
7.37000e-03,6.36745e+03
7.37500e-03,6.36267e+03
7.38000e-03,6.35789e+03
7.38500e-03,6.35311e+03
7.39000e-03,6.34832e+03
7.39500e-03,6.34353e+03
7.40000e-03,6.33873e+03
7.40500e-03,6.33393e+03
7.41000e-03,6.32912e+03
7.41500e-03,6.32431e+03
7.42000e-03,6.31949e+03
7.42500e-03,6.31466e+03
7.43000e-03,6.30983e+03
7.43500e-03,6.30500e+03
7.44000e-03,6.30015e+03
7.44500e-03,6.29531e+03
7.45000e-03,6.29045e+03
7.45500e-03,6.28559e+03
7.46000e-03,6.28072e+03
7.46500e-03,6.27585e+03
7.47000e-03,6.27097e+03
7.47500e-03,6.26608e+03
7.48000e-03,6.26118e+03
7.48500e-03,6.25628e+03
7.49000e-03,6.25137e+03
7.49500e-03,6.24645e+03
7.50000e-03,6.24153e+03
7.50500e-03,6.23660e+03
7.51000e-03,6.23166e+03
7.51500e-03,6.22671e+03
7.52000e-03,6.22175e+03
7.52500e-03,6.21678e+03
7.53000e-03,6.21181e+03
7.53500e-03,6.20682e+03
7.54000e-03,6.20183e+03
7.54500e-03,6.19683e+03
7.55000e-03,6.19182e+03
7.55500e-03,6.18680e+03
7.56000e-03,6.18177e+03
7.56500e-03,6.17673e+03
7.57000e-03,6.17168e+03
7.57500e-03,6.16662e+03
7.58000e-03,6.16155e+03
7.58500e-03,6.15647e+03
7.59000e-03,6.15138e+03
7.59500e-03,6.14628e+03
7.60000e-03,6.14117e+03
7.60500e-03,6.13605e+03
7.61000e-03,6.13091e+03
7.61500e-03,6.12577e+03
7.62000e-03,6.12061e+03
7.62500e-03,6.11544e+03
7.63000e-03,6.11026e+03
7.63500e-03,6.10506e+03
7.64000e-03,6.09986e+03
7.64500e-03,6.09464e+03
7.65000e-03,6.08941e+03
7.65500e-03,6.08417e+03
7.66000e-03,6.07891e+03
7.66500e-03,6.07364e+03
7.67000e-03,6.06835e+03
7.67500e-03,6.06306e+03
7.68000e-03,6.05774e+03
7.68500e-03,6.05242e+03
7.69000e-03,6.04708e+03
7.69500e-03,6.04172e+03
7.70000e-03,6.03635e+03
7.70500e-03,6.03097e+03
7.71000e-03,6.02556e+03
7.71500e-03,6.02015e+03
7.72000e-03,6.01472e+03
7.72500e-03,6.00927e+03
7.73000e-03,6.00381e+03
7.73500e-03,5.99833e+03
7.74000e-03,5.99283e+03
7.74500e-03,5.98732e+03
7.75000e-03,5.98179e+03
7.75500e-03,5.97624e+03
7.76000e-03,5.97067e+03
7.76500e-03,5.96509e+03
7.77000e-03,5.95949e+03
7.77500e-03,5.95387e+03
7.78000e-03,5.94823e+03
7.78500e-03,5.94257e+03
7.79000e-03,5.93690e+03
7.79500e-03,5.93120e+03
7.80000e-03,5.92548e+03
7.80500e-03,5.91975e+03
7.81000e-03,5.91399e+03
7.81500e-03,5.90821e+03
7.82000e-03,5.90241e+03
7.82500e-03,5.89659e+03
7.83000e-03,5.89075e+03
7.83500e-03,5.88489e+03
7.84000e-03,5.87900e+03
7.84500e-03,5.87309e+03
7.85000e-03,5.86716e+03
7.85500e-03,5.86120e+03
7.86000e-03,5.85522e+03
7.86500e-03,5.84922e+03
7.87000e-03,5.84319e+03
7.87500e-03,5.83714e+03
7.88000e-03,5.83106e+03
7.88500e-03,5.82496e+03
7.89000e-03,5.81883e+03
7.89500e-03,5.81268e+03
7.90000e-03,5.80650e+03
7.90500e-03,5.80029e+03
7.91000e-03,5.79406e+03
7.91500e-03,5.78780e+03
7.92000e-03,5.78151e+03
7.92500e-03,5.77519e+03
7.93000e-03,5.76884e+03
7.93500e-03,5.76247e+03
7.94000e-03,5.75606e+03
7.94500e-03,5.74962e+03
7.95000e-03,5.74316e+03
7.95500e-03,5.73666e+03
7.96000e-03,5.73013e+03
7.96500e-03,5.72357e+03
7.97000e-03,5.71697e+03
7.97500e-03,5.71034e+03
7.98000e-03,5.70368e+03
7.98500e-03,5.69699e+03
7.99000e-03,5.69026e+03
7.99500e-03,5.68349e+03
8.00000e-03,5.67669e+03
8.00500e-03,5.66986e+03
8.01000e-03,5.66299e+03
8.01500e-03,5.65608e+03
8.02000e-03,5.64913e+03
8.02500e-03,5.64214e+03
8.03000e-03,5.63512e+03
8.03500e-03,5.62805e+03
8.04000e-03,5.62095e+03
8.04500e-03,5.61380e+03
8.05000e-03,5.60662e+03
8.05500e-03,5.59939e+03
8.06000e-03,5.59212e+03
8.06500e-03,5.58481e+03
8.07000e-03,5.57745e+03
8.07500e-03,5.57005e+03
8.08000e-03,5.56260e+03
8.08500e-03,5.55510e+03
8.09000e-03,5.54756e+03
8.09500e-03,5.53997e+03
8.10000e-03,5.53233e+03
8.10500e-03,5.52465e+03
8.11000e-03,5.51691e+03
8.11500e-03,5.50913e+03
8.12000e-03,5.50129e+03
8.12500e-03,5.49340e+03
8.13000e-03,5.48546e+03
8.13500e-03,5.47746e+03
8.14000e-03,5.46941e+03
8.14500e-03,5.46130e+03
8.15000e-03,5.45314e+03
8.15500e-03,5.44492e+03
8.16000e-03,5.43664e+03
8.16500e-03,5.42830e+03
8.17000e-03,5.41990e+03
8.17500e-03,5.41144e+03
8.18000e-03,5.40292e+03
8.18500e-03,5.39433e+03
8.19000e-03,5.38568e+03
8.19500e-03,5.37697e+03
8.20000e-03,5.36818e+03
8.20500e-03,5.35934e+03
8.21000e-03,5.35042e+03
8.21500e-03,5.34143e+03
8.22000e-03,5.33237e+03
8.22500e-03,5.32324e+03
8.23000e-03,5.31404e+03
8.23500e-03,5.30476e+03
8.24000e-03,5.29540e+03
8.24500e-03,5.28597e+03
8.25000e-03,5.27646e+03
8.25500e-03,5.26687e+03
8.26000e-03,5.25720e+03
8.26500e-03,5.24745e+03
8.27000e-03,5.23761e+03
8.27500e-03,5.22769e+03
8.28000e-03,5.21768e+03
8.28500e-03,5.20759e+03
8.29000e-03,5.19740e+03
8.29500e-03,5.18713e+03
8.30000e-03,5.17676e+03
8.30500e-03,5.16630e+03
8.31000e-03,5.15575e+03
8.31500e-03,5.14509e+03
8.32000e-03,5.13434e+03
8.32500e-03,5.12350e+03
8.33000e-03,5.11255e+03
8.33500e-03,5.10149e+03
8.34000e-03,5.09034e+03
8.34500e-03,5.07907e+03
8.35000e-03,5.06770e+03
8.35500e-03,5.05623e+03
8.36000e-03,5.04464e+03
8.36500e-03,5.03294e+03
8.37000e-03,5.02112e+03
8.37500e-03,5.00919e+03
8.38000e-03,4.99715e+03
8.38500e-03,4.98498e+03
8.39000e-03,4.97270e+03
8.39500e-03,4.96030e+03
8.40000e-03,4.94777e+03
8.40500e-03,4.93512e+03
8.41000e-03,4.92234e+03
8.41500e-03,4.90944e+03
8.42000e-03,4.89641e+03
8.42500e-03,4.88325e+03
8.43000e-03,4.86996e+03
8.43500e-03,4.85653e+03
8.44000e-03,4.84298e+03
8.44500e-03,4.82929e+03
8.45000e-03,4.81546e+03
8.45500e-03,4.80150e+03
8.46000e-03,4.78740e+03
8.46500e-03,4.77316e+03
8.47000e-03,4.75879e+03
8.47500e-03,4.74427e+03
8.48000e-03,4.72962e+03
8.48500e-03,4.71483e+03
8.49000e-03,4.69989e+03
8.49500e-03,4.68482e+03
8.50000e-03,4.66960e+03
8.50500e-03,4.65425e+03
8.51000e-03,4.63876e+03
8.51500e-03,4.62313e+03
8.52000e-03,4.60736e+03
8.52500e-03,4.59145e+03
8.53000e-03,4.57540e+03
8.53500e-03,4.55922e+03
8.54000e-03,4.54290e+03
8.54500e-03,4.52644e+03
8.55000e-03,4.50985e+03
8.55500e-03,4.49314e+03
8.56000e-03,4.47629e+03
8.56500e-03,4.45933e+03
8.57000e-03,4.44225e+03
8.57500e-03,4.42506e+03
8.58000e-03,4.40776e+03
8.58500e-03,4.39035e+03
8.59000e-03,4.37284e+03
8.59500e-03,4.35524e+03
8.60000e-03,4.33754e+03
8.60500e-03,4.31975e+03
8.61000e-03,4.30189e+03
8.61500e-03,4.28394e+03
8.62000e-03,4.26593e+03
8.62500e-03,4.24786e+03
8.63000e-03,4.22973e+03
8.63500e-03,4.21156e+03
8.64000e-03,4.19334e+03
8.64500e-03,4.17509e+03
8.65000e-03,4.15682e+03
8.65500e-03,4.13852e+03
8.66000e-03,4.12021e+03
8.66500e-03,4.10189e+03
8.67000e-03,4.08358e+03
8.67500e-03,4.06529e+03
8.68000e-03,4.04702e+03
8.68500e-03,4.02878e+03
8.69000e-03,4.01058e+03
8.69500e-03,3.99242e+03
8.70000e-03,3.97432e+03
8.70500e-03,3.95629e+03
8.71000e-03,3.93832e+03
8.71500e-03,3.92043e+03
8.72000e-03,3.90262e+03
8.72500e-03,3.88490e+03
8.73000e-03,3.86728e+03
8.73500e-03,3.84976e+03
8.74000e-03,3.83236e+03
8.74500e-03,3.81507e+03
8.75000e-03,3.79790e+03
8.75500e-03,3.78085e+03
8.76000e-03,3.76393e+03
8.76500e-03,3.74715e+03
8.77000e-03,3.73050e+03
8.77500e-03,3.71398e+03
8.78000e-03,3.69761e+03
8.78500e-03,3.68138e+03
8.79000e-03,3.66530e+03
8.79500e-03,3.64936e+03
8.80000e-03,3.63357e+03
8.80500e-03,3.61793e+03
8.81000e-03,3.60243e+03
8.81500e-03,3.58707e+03
8.82000e-03,3.57186e+03
8.82500e-03,3.55680e+03
8.83000e-03,3.54188e+03
8.83500e-03,3.52710e+03
8.84000e-03,3.51246e+03
8.84500e-03,3.49797e+03
8.85000e-03,3.48362e+03
8.85500e-03,3.46941e+03
8.86000e-03,3.45534e+03
8.86500e-03,3.44141e+03
8.87000e-03,3.42761e+03
8.87500e-03,3.41395e+03
8.88000e-03,3.40042e+03
8.88500e-03,3.38702e+03
8.89000e-03,3.37374e+03
8.89500e-03,3.36059e+03
8.90000e-03,3.34757e+03
8.90500e-03,3.33467e+03
8.91000e-03,3.32191e+03
8.91500e-03,3.30929e+03
8.92000e-03,3.29681e+03
8.92500e-03,3.28447e+03
8.93000e-03,3.27229e+03
8.93500e-03,3.26026e+03
8.94000e-03,3.24837e+03
8.94500e-03,3.23663e+03
8.95000e-03,3.22501e+03
8.95500e-03,3.21351e+03
8.96000e-03,3.20212e+03
8.96500e-03,3.19083e+03
8.97000e-03,3.17961e+03
8.97500e-03,3.16848e+03
8.98000e-03,3.15745e+03
8.98500e-03,3.14652e+03
8.99000e-03,3.13573e+03
8.99500e-03,3.12509e+03
9.00000e-03,3.11465e+03
9.00500e-03,3.10443e+03
9.01000e-03,3.09446e+03
9.01500e-03,3.08477e+03
9.02000e-03,3.07537e+03
9.02500e-03,3.06626e+03
9.03000e-03,3.05743e+03
9.03500e-03,3.04886e+03
9.04000e-03,3.04055e+03
9.04500e-03,3.03247e+03
9.05000e-03,3.02461e+03
9.05500e-03,3.01694e+03
9.06000e-03,3.00946e+03
9.06500e-03,3.00214e+03
9.07000e-03,2.99497e+03
9.07500e-03,2.98793e+03
9.08000e-03,2.98102e+03
9.08500e-03,2.97421e+03
9.09000e-03,2.96751e+03
9.09500e-03,2.96090e+03
9.10000e-03,2.95437e+03
9.10500e-03,2.94794e+03
9.11000e-03,2.94157e+03
9.11500e-03,2.93529e+03
9.12000e-03,2.92907e+03
9.12500e-03,2.92292e+03
9.13000e-03,2.91684e+03
9.13500e-03,2.91082e+03
9.14000e-03,2.90486e+03
9.14500e-03,2.89896e+03
9.15000e-03,2.89312e+03
9.15500e-03,2.88734e+03
9.16000e-03,2.88162e+03
9.16500e-03,2.87595e+03
9.17000e-03,2.87033e+03
9.17500e-03,2.86477e+03
9.18000e-03,2.85926e+03
9.18500e-03,2.85379e+03
9.19000e-03,2.84838e+03
9.19500e-03,2.84300e+03
9.20000e-03,2.83766e+03
9.20500e-03,2.83237e+03
9.21000e-03,2.82710e+03
9.21500e-03,2.82188e+03
9.22000e-03,2.81668e+03
9.22500e-03,2.81151e+03
9.23000e-03,2.80637e+03
9.23500e-03,2.80125e+03
9.24000e-03,2.79615e+03
9.24500e-03,2.79107e+03
9.25000e-03,2.78600e+03
9.25500e-03,2.78095e+03
9.26000e-03,2.77591e+03
9.26500e-03,2.77087e+03
9.27000e-03,2.76584e+03
9.27500e-03,2.76082e+03
9.28000e-03,2.75579e+03
9.28500e-03,2.75077e+03
9.29000e-03,2.74574e+03
9.29500e-03,2.74070e+03
9.30000e-03,2.73566e+03
9.30500e-03,2.73060e+03
9.31000e-03,2.72554e+03
9.31500e-03,2.72045e+03
9.32000e-03,2.71535e+03
9.32500e-03,2.71023e+03
9.33000e-03,2.70508e+03
9.33500e-03,2.69991e+03
9.34000e-03,2.69471e+03
9.34500e-03,2.68947e+03
9.35000e-03,2.68420e+03
9.35500e-03,2.67890e+03
9.36000e-03,2.67355e+03
9.36500e-03,2.66815e+03
9.37000e-03,2.66271e+03
9.37500e-03,2.65721e+03
9.38000e-03,2.65167e+03
9.38500e-03,2.64606e+03
9.39000e-03,2.64040e+03
9.39500e-03,2.63467e+03
9.40000e-03,2.62887e+03
9.40500e-03,2.62301e+03
9.41000e-03,2.61707e+03
9.41500e-03,2.61106e+03
9.42000e-03,2.60497e+03
9.42500e-03,2.59880e+03
9.43000e-03,2.59255e+03
9.43500e-03,2.58622e+03
9.44000e-03,2.57980e+03
9.44500e-03,2.57329e+03
9.45000e-03,2.56670e+03
9.45500e-03,2.56002e+03
9.46000e-03,2.55325e+03
9.46500e-03,2.54640e+03
9.47000e-03,2.53947e+03
9.47500e-03,2.53245e+03
9.48000e-03,2.52536e+03
9.48500e-03,2.51820e+03
9.49000e-03,2.51097e+03
9.49500e-03,2.50368e+03
9.50000e-03,2.49635e+03
9.50500e-03,2.48897e+03
9.51000e-03,2.48157e+03
9.51500e-03,2.47415e+03
9.52000e-03,2.46672e+03
9.52500e-03,2.45930e+03
9.53000e-03,2.45189e+03
9.53500e-03,2.44452e+03
9.54000e-03,2.43719e+03
9.54500e-03,2.42991e+03
9.55000e-03,2.42269e+03
9.55500e-03,2.41555e+03
9.56000e-03,2.40849e+03
9.56500e-03,2.40152e+03
9.57000e-03,2.39465e+03
9.57500e-03,2.38788e+03
9.58000e-03,2.38122e+03
9.58500e-03,2.37467e+03
9.59000e-03,2.36823e+03
9.59500e-03,2.36190e+03
9.60000e-03,2.35569e+03
9.60500e-03,2.34959e+03
9.61000e-03,2.34361e+03
9.61500e-03,2.33773e+03
9.62000e-03,2.33196e+03
9.62500e-03,2.32630e+03
9.63000e-03,2.32075e+03
9.63500e-03,2.31529e+03
9.64000e-03,2.30993e+03
9.64500e-03,2.30467e+03
9.65000e-03,2.29951e+03
9.65500e-03,2.29443e+03
9.66000e-03,2.28944e+03
9.66500e-03,2.28453e+03
9.67000e-03,2.27971e+03
9.67500e-03,2.27496e+03
9.68000e-03,2.27028e+03
9.68500e-03,2.26568e+03
9.69000e-03,2.26114e+03
9.69500e-03,2.25667e+03
9.70000e-03,2.25225e+03
9.70500e-03,2.24789e+03
9.71000e-03,2.24358e+03
9.71500e-03,2.23933e+03
9.72000e-03,2.23512e+03
9.72500e-03,2.23095e+03
9.73000e-03,2.22683e+03
9.73500e-03,2.22274e+03
9.74000e-03,2.21869e+03
9.74500e-03,2.21468e+03
9.75000e-03,2.21069e+03
9.75500e-03,2.20673e+03
9.76000e-03,2.20280e+03
9.76500e-03,2.19888e+03
9.77000e-03,2.19499e+03
9.77500e-03,2.19112e+03
9.78000e-03,2.18726e+03
9.78500e-03,2.18341e+03
9.79000e-03,2.17957e+03
9.79500e-03,2.17574e+03
9.80000e-03,2.17192e+03
9.80500e-03,2.16811e+03
9.81000e-03,2.16429e+03
9.81500e-03,2.16048e+03
9.82000e-03,2.15666e+03
9.82500e-03,2.15285e+03
9.83000e-03,2.14902e+03
9.83500e-03,2.14519e+03
9.84000e-03,2.14136e+03
9.84500e-03,2.13751e+03
9.85000e-03,2.13364e+03
9.85500e-03,2.12977e+03
9.86000e-03,2.12588e+03
9.86500e-03,2.12196e+03
9.87000e-03,2.11803e+03
9.87500e-03,2.11407e+03
9.88000e-03,2.11009e+03
9.88500e-03,2.10607e+03
9.89000e-03,2.10203e+03
9.89500e-03,2.09795e+03
9.90000e-03,2.09383e+03
9.90500e-03,2.08967e+03
9.91000e-03,2.08547e+03
9.91500e-03,2.08122e+03
9.92000e-03,2.07691e+03
9.92500e-03,2.07256e+03
9.93000e-03,2.06814e+03
9.93500e-03,2.06367e+03
9.94000e-03,2.05914e+03
9.94500e-03,2.05455e+03
9.95000e-03,2.04989e+03
9.95500e-03,2.04516e+03
9.96000e-03,2.04037e+03
9.96500e-03,2.03551e+03
9.97000e-03,2.03059e+03
9.97500e-03,2.02561e+03
9.98000e-03,2.02058e+03
9.98500e-03,2.01549e+03
9.99000e-03,2.01036e+03
9.99500e-03,2.00519e+03
1.00000e-02,2.00000e+03
